{"aux_acc": [0.6152940988540649, 0.6670588254928589, 0.722352921962738, 0.7617647051811218, 0.7770588397979736, 0.8164705634117126, 0.8370588421821594, 0.8358823657035828, 0.841176450252533, 0.8711764812469482, 0.8817647099494934, 0.8758823275566101, 0.8805882334709167, 0.8882352709770203, 0.8752940893173218, 0.8899999856948853, 0.8841176629066467, 0.9076470732688904, 0.9094117879867554, 0.9064705967903137, 0.907058835029602, 0.9047058820724487, 0.9076470732688904, 0.931176483631134, 0.9147058725357056, 0.9217647314071655, 0.9147058725357056, 0.9211764931678772, 0.9217647314071655, 0.9158823490142822, 0.927647054195404, 0.9235293865203857, 0.9176470637321472, 0.9335294365882874, 0.9317647218704224, 0.9241176247596741, 0.9429411888122559], "aux_loss": [0.8101279735565186, 0.6716347932815552, 0.5689106583595276, 0.5196444988250732, 0.4762982130050659, 0.4061395227909088, 0.377954363822937, 0.3766201436519623, 0.36319369077682495, 0.31821581721305847, 0.28205248713493347, 0.3097575902938843, 0.2822541296482086, 0.2673385441303253, 0.29100510478019714, 0.26358267664909363, 0.27979370951652527, 0.2260625958442688, 0.21542593836784363, 0.2227502018213272, 0.23324927687644958, 0.228541299700737, 0.22326409816741943, 0.19418299198150635, 0.21732231974601746, 0.1938236802816391, 0.2086029350757599, 0.2042328119277954, 0.20458528399467468, 0.20795562863349915, 0.18683749437332153, 0.19434458017349243, 0.19679273664951324, 0.16592350602149963, 0.17414751648902893, 0.18774041533470154, 0.1533760130405426], "loss": [1.1838407516479492, 1.0287319421768188, 0.8760137557983398, 0.8027912378311157, 0.7581570148468018, 0.6378855109214783, 0.5857054591178894, 0.6198551058769226, 0.5797484517097473, 0.5377167463302612, 0.47530317306518555, 0.5179541110992432, 0.479327917098999, 0.44260770082473755, 0.479177862405777, 0.44314447045326233, 0.4778403341770172, 0.39280349016189575, 0.37285515666007996, 0.39599910378456116, 0.38626593351364136, 0.38177114725112915, 0.38419264554977417, 0.34529197216033936, 0.37179243564605713, 0.3380691707134247, 0.3619871139526367, 0.3603024482727051, 0.3529326617717743, 0.3603903651237488, 0.3287814259529114, 0.3504185080528259, 0.34040567278862, 0.3057221472263336, 0.3152802586555481, 0.31723418831825256, 0.2781566381454468], "main_acc": [0.6200000047683716, 0.6352941393852234, 0.7064706087112427, 0.7382352948188782, 0.7647058963775635, 0.8058823347091675, 0.8158823251724243, 0.8176470398902893, 0.8288235068321228, 0.8405882120132446, 0.8629412055015564, 0.8511765003204346, 0.8605882525444031, 0.8799999952316284, 0.8694117665290833, 0.8664705753326416, 0.8635293841362, 0.8958823680877686, 0.8988234996795654, 0.8899999856948853, 0.8935294151306152, 0.8929411768913269, 0.8929411768913269, 0.910588264465332, 0.9047058820724487, 0.9117646813392639, 0.8994117379188538, 0.8941176533699036, 0.9023529291152954, 0.8970588445663452, 0.9170588254928589, 0.9076470732688904, 0.9041176438331604, 0.9111764430999756, 0.9147058725357056, 0.907058835029602, 0.9270588159561157], "main_auc": [0.6694830060005188, 0.69826340675354, 0.7709725499153137, 0.8198429346084595, 0.8385368585586548, 0.8829132914543152, 0.9039452075958252, 0.8929852247238159, 0.9042614698410034, 0.9136759638786316, 0.9320383667945862, 0.9195730090141296, 0.9305005073547363, 0.9404464960098267, 0.9330765604972839, 0.9406103491783142, 0.9313392639160156, 0.9519345164299011, 0.956493616104126, 0.9490587711334229, 0.9548428058624268, 0.9548547267913818, 0.9536448121070862, 0.9604892730712891, 0.9566729068756104, 0.9626439213752747, 0.9590012431144714, 0.95843505859375, 0.9607350826263428, 0.9589084386825562, 0.9636178016662598, 0.9596505165100098, 0.963612973690033, 0.9689784646034241, 0.9663392305374146, 0.9681429862976074, 0.9727555513381958], "main_loss": [0.7745338678359985, 0.6944840550422668, 0.5911555886268616, 0.5418053269386292, 0.5188063383102417, 0.4338414669036865, 0.3992675542831421, 0.4310420751571655, 0.4016692340373993, 0.3785686492919922, 0.3330952227115631, 0.368234246969223, 0.33625471591949463, 0.31008419394493103, 0.33655720949172974, 0.31103208661079407, 0.3456210792064667, 0.2782804071903229, 0.2636602818965912, 0.2848457992076874, 0.27068817615509033, 0.270073264837265, 0.27446600794792175, 0.24817562103271484, 0.26483556628227234, 0.23914054036140442, 0.2576424181461334, 0.2613338530063629, 0.25721797347068787, 0.2597053050994873, 0.23471438884735107, 0.24925392866134644, 0.24522659182548523, 0.2214432954788208, 0.22597377002239227, 0.226623073220253, 0.20187078416347504], "val_aux_acc": [0.6433333158493042, 0.6800000071525574, 0.5899999737739563, 0.5600000023841858, 0.6133333444595337, 0.7366666793823242, 0.7766666412353516, 0.7333333492279053, 0.8299999833106995, 0.8766666650772095, 0.8100000023841858, 0.8500000238418579, 0.8899999856948853, 0.8600000143051147, 0.8666666746139526, 0.8866666555404663, 0.8766666650772095, 0.8899999856948853, 0.8933333158493042, 0.9066666960716248, 0.8799999952316284, 0.903333306312561, 0.8999999761581421, 0.8999999761581421, 0.9133333563804626, 0.8933333158493042, 0.8933333158493042, 0.8999999761581421, 0.9133333563804626, 0.9066666960716248, 0.8966666460037231, 0.8933333158493042, 0.8966666460037231, 0.8899999856948853, 0.9100000262260437, 0.9066666960716248, 0.9066666960716248], "val_aux_loss": [0.665066659450531, 0.5947363972663879, 0.816868007183075, 0.9760645627975464, 0.830722451210022, 0.5795280933380127, 0.517321765422821, 0.6701616048812866, 0.4297417104244232, 0.2871614396572113, 0.48433247208595276, 0.4063805937767029, 0.27598509192466736, 0.4978798031806946, 0.390298068523407, 0.26993387937545776, 0.2936394214630127, 0.27306419610977173, 0.30493322014808655, 0.2770577371120453, 0.27747100591659546, 0.2812243402004242, 0.25094956159591675, 0.2457192838191986, 0.2372981607913971, 0.2707262635231018, 0.26928478479385376, 0.24258482456207275, 0.21522156894207, 0.24024412035942078, 0.22524294257164001, 0.2515910863876343, 0.22733061015605927, 0.28315526247024536, 0.22677350044250488, 0.2268436849117279, 0.24263310432434082], "val_loss": [0.9632768034934998, 0.8912097215652466, 1.2870140075683594, 1.4794024229049683, 1.3222726583480835, 0.9523853659629822, 0.788872241973877, 1.0624569654464722, 0.6889852285385132, 0.4798104465007782, 0.7278158664703369, 0.6105979084968567, 0.4439598023891449, 0.7324709296226501, 0.5794093608856201, 0.4402647912502289, 0.4688977003097534, 0.4487306773662567, 0.4700736999511719, 0.4451466500759125, 0.4524793028831482, 0.45018360018730164, 0.41625672578811646, 0.39702561497688293, 0.39029234647750854, 0.42390772700309753, 0.4263058006763458, 0.3996015787124634, 0.35726356506347656, 0.3945847153663635, 0.3743540644645691, 0.4047952890396118, 0.36987045407295227, 0.4436357021331787, 0.3764333128929138, 0.3716398775577545, 0.398337721824646], "val_main_acc": [0.6166666746139526, 0.6800000071525574, 0.5633333325386047, 0.5833333134651184, 0.6133333444595337, 0.6966666579246521, 0.7766666412353516, 0.7333333492279053, 0.8100000023841858, 0.8333333134651184, 0.8066666722297668, 0.8399999737739563, 0.8866666555404663, 0.8399999737739563, 0.8566666841506958, 0.8700000047683716, 0.8533333539962769, 0.8733333349227905, 0.8866666555404663, 0.8899999856948853, 0.8666666746139526, 0.8933333158493042, 0.8866666555404663, 0.8899999856948853, 0.8899999856948853, 0.8833333253860474, 0.8766666650772095, 0.8933333158493042, 0.8966666460037231, 0.8933333158493042, 0.8733333349227905, 0.8799999952316284, 0.8866666555404663, 0.8799999952316284, 0.8999999761581421, 0.8899999856948853, 0.8899999856948853],